username,datePosted,movieTitle,releaseDate,likedByUsername
srudolph91,2025-08-08,"Bunch Of Amateurs, A",1992-04-13,sclacsono2
acardenoso1u,2024-11-30,King of California,2004-02-03,bvallery9a
bumbertea,2025-05-24,Hamlet,2001-01-04,lmelbournij
cskoggins7e,2024-12-29,Manito,1980-02-24,kkeddie5
dstockfordm,2023-07-30,Mina Tannenbaum,1987-08-27,bswallwellm7
gthunderchief4i,2024-05-01,True Stories,1984-06-07,cmansour4r
bannandaleqf,2025-08-19,Uncle Buck,2010-04-17,mlednerne
wwhitehurst6u,2025-03-03,Evening,2002-05-18,jbellchambern0
dgeaves5c,2024-06-21,"Lives of Others, The (Das leben der Anderen)",2019-11-25,nnattrasskq
cduganky,2024-05-03,"Siege, The",1988-10-24,jruslinge93
screnshawcb,2023-04-09,"Dexter the Dragon & Bumble the Bear (a.k.a. Dragon That Wasn't (Or Was He?), The) (Als je begrijpt wat ik bedoel)",2005-11-28,lcastro8j
mphilippaultv,2023-03-07,When Will I Be Loved,2019-01-08,jkasparskicv
fberthomierhy,2024-10-20,Ladrones,2010-04-22,fespinosams
cspacielz,2023-11-24,Hush!,1986-02-17,xbrameld7o
zclarke1s,2023-10-23,Citizen Ruth,2009-08-07,hbaldwin2p
amengoq3,2024-08-11,Sazen Tange and the Pot Worth a Million Ryo,1986-09-04,cbruinsez
kmccurlye9o,2025-02-06,Life of Pi,1983-11-03,bleeny
jroxbeeiy,2025-08-21,"Bank Job, The",1989-05-22,gmokesb7
jleedesqs,2024-11-12,Cold in July,1995-01-23,ewellumj6
swerlockhc,2023-11-07,I Heart Huckabees,1986-06-24,dcreese3i
bgrealishbt,2024-11-04,Hana and Alice (Hana to Arisu),2017-09-16,cfanthamdq
caxepo,2022-10-29,"Defender, The (a.k.a. Bodyguard from Beijing, The) (Zhong Nan Hai bao biao)",1986-01-09,rbuggdw
cplayleic,2024-09-17,Death Race,2007-06-27,pfrichleyjo
zmcmichaelig,2023-12-16,John Rabe,1990-09-15,vnultyee
screswell5m,2023-09-19,Captain America,2008-09-15,sheathcoat1r
mchallicum5l,2023-02-23,"World, The (Shijie)",1986-02-19,wainsleedx
ymonson38,2024-09-02,"Rock, Paper, Scissors: The Way of the Tosser",1986-08-21,klicence4u
asidery3n,2024-02-21,"Disappearance of Alice Creed, The",1989-11-01,bashburne2l
sdafforneit,2023-11-19,Young Adult,2000-09-21,sdanismo
cbertlinf7,2024-07-01,Lola,1987-11-11,cbaffinb8
mradbone43,2023-09-28,Go Tigers!,2006-04-10,jgagero0
cdugmorei6,2024-04-13,Foreign Student,1994-09-24,agoodsalra
qfootgp,2022-09-08,"Great Magician, The (Daai mo seut si)",2017-07-18,rposthill6i
cbertlinf7,2024-07-01,Lola,1987-11-11,alegerton1b
fsparrowr2,2022-09-01,Armour of God II: Operation Condor (Operation Condor) (Fei ying gai wak),1990-07-24,hmerklefi
psigertkb,2022-12-14,"Safety of Objects, The",2003-01-07,edellortobo
ssatchmo,2024-02-12,"Search, The",1996-01-01,jmidghalli8
fpettingall9b,2024-10-12,There's a Girl in My Soup,1981-04-11,jbaumler56
lrawnsley8i,2024-07-15,Haaveiden kehä,2017-08-03,ecorrisonga
joscallanpv,2024-09-11,Legend No. 17,1992-05-13,lmccook8
tbyattap,2023-03-09,Nobel Son,1992-12-04,pkeffordo7
jjanauscheko0,2024-02-04,Suck,1994-11-30,ibadseyj1
csiggsnq,2024-02-24,Ashik Kerib,1999-06-02,lwhellamsd8
emarshall26,2023-07-31,Anaconda,2013-07-14,mfursland5l
eeuler8d,2023-10-27,A Cry in the Wild,2003-07-19,ccominolijt
jleedesqs,2024-11-12,Cold in July,1995-01-23,worhtmannhw
rloosgc,2025-03-08,"Most Beautiful, The (Ichiban utsukushiku)",1985-07-28,kullettms
vhaylands1t,2023-03-21,To Die Like a Man (Morrer Como Um Homem),2014-01-05,bbeloe9
pmournianb,2024-07-29,Monsieur Verdoux,2013-06-12,mbeacockr3
uloughlini,2025-11-23,Sophia de Mello Breyner Andresen,1984-09-28,dmeatonnb
cgilkison47,2023-06-17,Night Will Fall,1998-07-07,ddesvignesqq
cgyford9n,2024-10-24,Cat People,2019-04-11,rmastersondb
mchallicum5l,2023-02-23,"World, The (Shijie)",1986-02-19,jmateevpk
ebeininckhr,2022-06-14,Skin Deep,1998-07-20,klathwellgd
hshasnan2w,2023-04-10,"Free Soul, A",2018-12-21,bstutelylh
rregnard2t,2022-06-06,Bent,1994-05-20,ssturrore9
jnoddlei,2023-09-04,Paris Is Burning,2018-07-01,gwarcuph8
bkenenon,2023-02-06,Gotcha!,2013-01-11,astrivensmf
jcavyqe,2024-06-18,Daughter of Dr. Jeckyll,1987-08-17,mmcalorend3
mphilippaultv,2023-03-07,When Will I Be Loved,2019-01-08,hrickardd5
vmencehi,2023-06-15,"Bank, The",1984-04-24,rrudeyeardbb
nkeepea1,2024-08-05,"Parking Lot Movie, The",2008-09-03,gbaddoefs
lcurryer5z,2025-02-23,"Ballad of Narayama, The (Narayama Bushiko)",1993-06-25,tloudian8l
ymaberleyaz,2024-04-04,Prison (Fängelse) ,1984-06-29,lcowgill83
bgrealishbt,2024-11-04,Hana and Alice (Hana to Arisu),2017-09-16,rgaskall1i
pdikesf3,2024-07-29,"Secret of NIMH 2: Timmy to the Rescue, The",2001-11-20,eeppersonv
hshiresf,2023-06-30,Scrooge,1995-09-29,acrake9u
mquinaneac,2022-11-18,I'm Here,2006-06-18,rheusticeh5
mkulvearfi,2024-04-22,"It's Not Me, I Swear! (C'est pas moi, je le jure!)",1998-11-29,amaybery3r
dmalser5,2024-05-21,"Five Heartbeats, The",2018-09-05,psnoddengq
dzannelib5,2025-01-15,Down to the Bone,1981-01-31,ljerchead
kkalkerkn,2025-08-05,Signs & Wonders,1987-09-04,bstorre1j
wheart70,2025-04-09,"Way of the Dragon, The (a.k.a. Return of the Dragon) (Meng long guo jiang)",1996-02-27,tduferiehh
breinbach74,2024-07-08,The 3 Rs,1981-11-03,ppedican12
bkenenon,2023-02-06,Gotcha!,2013-01-11,cbeszantpy
jrihosekjp,2023-06-20,Pink Flamingos,1992-04-04,cwilletsaj
nkeepea1,2024-08-05,"Parking Lot Movie, The",2008-09-03,rbauser3w
plidsterb8,2023-07-31,Remember Me,2005-02-10,gwoodnutt9s
gwoodnutt9s,2023-03-01,Glory Road,1994-06-19,mnorthen4b
dboeter1t,2024-05-10,Stage Door Canteen,2015-11-27,skeatch5u
gnutbeani2,2023-05-29,Demon Wind,2002-11-21,abilson19
bgarmstoni4,2023-11-24,Camouflage,1988-03-15,qbrabender31
dmalser5,2024-05-21,"Five Heartbeats, The",2018-09-05,jgerrell8t
fcasarili7h,2023-06-18,Kozara,2011-08-08,cschwartzm8
cmckeveneylt,2023-05-18,"American Affair, An",2017-10-11,acholerton1d
jgerrell8t,2023-03-19,Hell Is Sold Out,2000-07-04,ogiacaponimi
pdikesf3,2024-07-29,"Secret of NIMH 2: Timmy to the Rescue, The",2001-11-20,kcorbridgere
tloudian8l,2023-10-18,"Lonely Place to Die, A",1982-11-10,ylohmeyeriv
mcowley5e,2024-11-20,Black Pond,2014-03-30,elabusch2f
dmccluinn8,2022-09-17,American Dreams in China,2002-01-22,bcollefordjv
bgrealishbt,2024-11-04,Hana and Alice (Hana to Arisu),2017-09-16,pstrutz70
ebilamoy,2025-04-17,Grey Gardens,1996-08-07,lhalsteda4
cdellenbacho5,2023-09-26,Grand Masti,1983-03-04,tdilksez
cduganky,2024-05-03,"Siege, The",1988-10-24,aadesspb
mglenfieldgu,2024-07-14,"Penalty, The",1988-10-17,chovertp9
cgilkison47,2023-06-17,Night Will Fall,1998-07-07,cbleierk0
qfootgp,2022-09-08,"Great Magician, The (Daai mo seut si)",2017-07-18,tflack3s
cbleierk0,2024-02-27,Noises Off...,1992-05-06,jlaboune7m
wcouper72,2024-08-28,Hell Comes to Frogtown,2006-06-25,cpincotthb
rjosipovitzpw,2023-05-14,Elevator Girl,1985-10-16,mhutsbyis
wrodmanpd,2025-07-20,Looker,1980-04-30,hrounsefellec
qfootgp,2022-09-08,"Great Magician, The (Daai mo seut si)",2017-07-18,dfernsc6
mcopperpb,2022-09-24,"Black Orchid, The",1981-12-11,gmackerel61
nscholarb2,2024-01-12,Gambling City,1998-11-04,tlawee4l
lrawnsley8i,2024-07-15,Haaveiden kehä,2017-08-03,aanderbruggeaa
jmattasernm,2022-12-17,Slasher House,2013-10-09,jmicklewrightrk
showarth2c,2024-03-07,I Have Found It (Kandukondain Kandukondain),2008-04-27,cblackahiu
brentoll7i,2022-05-23,The Snow Woman,1999-01-15,gradbond5o
dbennenbk,2024-09-11,"Covenant, The",2005-01-14,dmarty4z
bumbertea,2025-05-24,Hamlet,2001-01-04,rregnard2t
acommucci6z,2025-08-02,As it is in Heaven (Så som i himmelen),1989-10-15,hritchardc3
wtrenholmefo,2023-02-03,Magic in the Moonlight,2001-03-12,hcoytesf9
lburgissdj,2024-09-25,Anazapta (Black Plague),2012-04-01,cduckernf
lcollyns41,2024-09-14,Come and See (Idi i smotri),1994-07-23,tsalmondkz
rfermork4,2025-03-03,Hank and Mike,2012-03-04,jcoppockc7
mdamerellfy,2023-11-23,"Spitfire Grill, The",2004-06-02,eastlattka
tdemangeotm6,2022-10-07,Love That Boy,1993-08-21,tlaughlin2c
gdommerqueca,2023-01-25,Slam Dance,2002-03-03,tdevericksqp
acardenoso1u,2024-11-30,King of California,2004-02-03,akunzelmann29
bjammet3u,2024-10-08,Circles (Krugovi),2016-05-30,craimbauldp0
bmustoobz,2023-02-20,Traveller,1993-06-20,ofayerah
aarmin34,2023-01-25,Lorna's Silence (Le silence de Lorna),2001-05-24,bsmicklef9
tdemangeotm6,2022-10-07,Love That Boy,1993-08-21,twelbourn4o
gorcott2y,2024-09-11,"Monitor, The (Babycall)",1982-02-21,bmarionan
akettjs,2025-05-12,"Better Tomorrow, A (Ying hung boon sik)",1980-05-17,kbertlineu
zclarke1s,2023-10-23,Citizen Ruth,2009-08-07,ibrimnerke
aredbournq2,2025-03-23,"Art of War, The",1996-10-04,tkeedyb5
fdurking0,2025-03-19,"Magnetic Man, The (Magneettimies)",2002-06-20,wwinsperhi
plidsterb8,2023-07-31,Remember Me,2005-02-10,llanglais4p
ebilamoy,2025-04-17,Grey Gardens,1996-08-07,lmulvynk
klukasikan,2025-05-27,The Chumscrubber,1998-08-10,rheldq4
amengoq3,2024-08-11,Sazen Tange and the Pot Worth a Million Ryo,1986-09-04,tlefevrenq
bkrystofd4,2023-05-03,Long Time Dead,1996-03-08,ygodiercv
gthunderchief4i,2024-05-01,True Stories,1984-06-07,eheggadonpi
ctinemanpe,2023-11-29,"Dead Outside, The",1995-06-25,tflahive56
cplayleic,2024-09-17,Death Race,2007-06-27,aworsellba
pluetkemeyersai,2024-10-18,13 Rue Madeleine,2015-12-29,rneild6w
dmalser5,2024-05-21,"Five Heartbeats, The",2018-09-05,mbockin9u
rgoldfinchml,2025-03-31,North Face (Nordwand),2000-10-12,vbriantjr
nharmant4i,2023-01-29,People on Sunday (Menschen am Sonntag),1998-03-13,emcillrickef
cgasquoine9d,2024-09-15,Bewitched (Alter Ego),1984-07-30,chullrn
cportsmouth3h,2023-04-15,Legend of the Fist: The Return of Chen Zhen (Jing wu feng yun: Chen Zhen),1982-12-25,asealandbz
tcutbushqw,2025-07-29,Revenge of the Pink Panther,1984-06-05,tjoincey4a
rjosipovitzpw,2023-05-14,Elevator Girl,1985-10-16,wdoge7y
emacmeartyfp,2022-12-09,Marianne & Juliane (Die Bleierne Zeit),2007-12-17,kkerwickmr
ssatchmo,2024-02-12,"Search, The",1996-01-01,ssonscheing
cnormabelllz,2025-08-19,Happy Times (Xingfu shiguang),2007-12-27,gsomerlie1e
vhaylands1t,2023-03-21,To Die Like a Man (Morrer Como Um Homem),2014-01-05,atovey7a
twelbourn4o,2023-03-17,"Boys in the Band, The",1984-12-20,rleutyjk
plomen80,2025-03-05,"Italian Job, The",2001-01-12,ymaberleyaz
pmournianb,2024-07-29,Monsieur Verdoux,2013-06-12,tneward63
mcowley5e,2024-11-20,Black Pond,2014-03-30,dscoular4j
pathowem,2022-02-23,Painted Lady,2003-01-30,evanson2k
vperett9o,2023-06-18,"Hole in the Head, A",1988-12-01,vtaillardf8
nchaudhrycy,2024-06-02,Bottled Up,1981-10-04,cbyronfk
bkenenon,2023-02-06,Gotcha!,2013-01-11,ocorradengoo8
wcouper72,2024-08-28,Hell Comes to Frogtown,2006-06-25,mdyete3
aarmin34,2023-01-25,Lorna's Silence (Le silence de Lorna),2001-05-24,afludgatehm
hrounsefellec,2025-09-27,Night and the City,2014-02-14,abonhommegb
scollinwood4x,2025-07-15,Nocturna,2019-07-07,bbonnettic
emarshall26,2023-07-31,Anaconda,2013-07-14,thardimancp
tloudian8l,2023-10-18,"Lonely Place to Die, A",1982-11-10,kedelheid94
dstockfordm,2023-07-30,Mina Tannenbaum,1987-08-27,abudleighkc
wrodmanpd,2025-07-20,Looker,1980-04-30,akillich7k
cbasketfieldkh,2024-07-12,Winter Nomads,2015-10-26,wharbisonmz
agerrieaw,2024-12-02,Charlie St. Cloud,1994-03-13,whuburnj0
waudreylw,2023-09-30,Rewind This!,1981-02-22,umccullyoo
klukasikan,2025-05-27,The Chumscrubber,1998-08-10,palthropc8
cmcguinessqn,2025-01-24,"World of Suzie Wong, The",1998-09-05,rarmallf9
csiggsnq,2024-02-24,Ashik Kerib,1999-06-02,bupham5g
kdrover8,2023-07-30,"Taste of Others, The (Le goût des autres)",2018-05-26,dtourneed
cmckeveneylt,2023-05-18,"American Affair, An",2017-10-11,takedlt
gmcguiness5w,2024-04-10,Zigeunerweisen (Tsigoineruwaizen),1981-04-16,ebendingdz
nchaudhrycy,2024-06-02,Bottled Up,1981-10-04,msartin6d
dboeter1t,2024-05-10,Stage Door Canteen,2015-11-27,dgarlicke75
ahamprechtfg,2023-12-20,Umberto D.,1982-03-26,jlevinsbo
kkalkerkn,2025-08-05,Signs & Wonders,1987-09-04,akenyamo6
sdytham22,2023-11-27,Hard to Kill,1998-07-03,kcobboldpp
cfransinellicw,2023-05-12,Attila Marcel,1993-05-14,bfolbigpe
gorcott2y,2024-09-11,"Monitor, The (Babycall)",1982-02-21,kclewarth7y
cportsmouth3h,2023-04-15,Legend of the Fist: The Return of Chen Zhen (Jing wu feng yun: Chen Zhen),1982-12-25,rrobeconqn
dmalser5,2024-05-21,"Five Heartbeats, The",2018-09-05,shaithr0
kfilpo6y,2024-05-10,This So-Called Disaster,1999-01-28,yeyree5k
dbrierleyhr,2024-12-20,All Night Long,1981-05-11,mruppertzrj
bgatelx,2022-07-14,"American Crime, An",1985-07-07,dpinnick5r
mrichfieldp3,2024-10-20,Son of Rambow,2009-04-30,ckestlebu
ssatchmo,2024-02-12,"Search, The",1996-01-01,aroachor
abaudonekq,2024-06-08,Stalingrad,1982-03-05,alago2y
mtchir78,2023-11-19,Aileen Wuornos: The Selling of a Serial Killer,1980-03-30,gcaponp9
rloosgc,2025-03-08,"Most Beautiful, The (Ichiban utsukushiku)",1985-07-28,dmercya0
bfishwickau,2023-11-05,"Devil Doll, The",2016-11-16,tconkling8a
jevelingji,2024-10-05,The Killing Jar,1984-09-14,kosbanbl
gdommerqueca,2023-01-25,Slam Dance,2002-03-03,jaldeneo
fdechastelain9v,2023-08-29,"Deceivers, The",1989-04-23,cvondruskanp
tshorthousefu,2024-10-25,The Tomb,2000-11-04,rdreakinhw
plidsterb8,2023-07-31,Remember Me,2005-02-10,cgunning7e
jardlingbd,2024-03-18,"Italian Job, The",2001-01-12,creennu
abaudonekq,2024-06-08,Stalingrad,1982-03-05,mvinallbl
tsalzburgergl,2025-04-29,What Have I Done to Deserve This? (¿Qué he hecho yo para merecer esto!!),1992-01-25,ikohrsdg
bjeffcoate1k,2024-06-13,The Gardener,2019-07-16,leveralj2
ddudmangj,2025-06-22,The Bride Wore Red,2012-02-29,gpenbarthyph
bjeffcoate1k,2024-06-13,The Gardener,2019-07-16,zhandrock3k
dmeatonnb,2023-02-25,For Heaven's Sake,1999-09-30,jrainfordj0
jmoncreiff4h,2024-01-08,Molokai (Molokai: The Story of Father Damien),2008-09-14,gcoleyp2
pmournianb,2024-07-29,Monsieur Verdoux,2013-06-12,tkinsonra
cspacielz,2023-11-24,Hush!,1986-02-17,cskoggins7e
emarshall26,2023-07-31,Anaconda,2013-07-14,npaoluccila
fgashionip,2024-10-06,Another Stakeout,2007-12-06,wmccandiel7
cmckeveneylt,2023-05-18,"American Affair, An",2017-10-11,stiversqb
thalliganes,2024-10-30,Scared Shrekless,1998-11-28,swickeygs
dzannelib5,2025-01-15,Down to the Bone,1981-01-31,bsnodaygg
cbrett6f,2022-12-22,Assassination,1982-12-23,jnoddlei
bjammet3u,2024-10-08,Circles (Krugovi),2016-05-30,aradoux6y
obarnard77,2024-02-21,Tattoo,1993-11-08,ostearnj4
cbrett6f,2022-12-22,Assassination,1982-12-23,bsterry7k
lcollyns41,2024-09-14,Come and See (Idi i smotri),1994-07-23,dtroutep
nburlinghamb7,2023-05-10,"Man Who Loved Women, The (Homme qui aimait les femmes, L')",1984-12-12,imargarsonjl
fdurking0,2025-03-19,"Magnetic Man, The (Magneettimies)",2002-06-20,fgrishelyovo1
xmacinherneynr,2023-03-28,"Dirty Carnival, A (Biyeolhan geori)",2003-02-15,gpahlssonc6
bgatelx,2022-07-14,"American Crime, An",1985-07-07,mdalyc4
aduplainj5,2023-08-17,Nobody Walks,1984-12-11,aspoureoq
cbretton8q,2024-12-03,Wildcats,1990-03-26,mwiskar2n
rsolesrg,2024-03-22,Close,1983-02-17,cloadeskr
jcampobw,2023-07-10,Broadway Melody of 1938,2007-02-14,lcollyns41
tbrozssetg5,2022-04-21,"Million, Le (Million, The)",2008-08-16,gcoventon53
amaiseycz,2022-10-10,Eerie Tales (Unheimliche Geschichten),1990-02-22,scromptonq9
asantobw,2025-03-11,"Perfect Score, The",2003-11-15,amcentegartk4
irhodesm1,2025-05-13,Mister 880,2001-03-29,bseagood4s
bgatelx,2022-07-14,"American Crime, An",1985-07-07,nroccog2
gradborne3e,2022-09-10,Spring Subway,2016-03-22,dglasonfb
cspacielz,2023-11-24,Hush!,1986-02-17,aclowtonob
gdanahar7w,2025-02-05,Margaret Thatcher: The Long Walk to Finchley,1989-05-27,nexterd8
bwegnera8,2023-07-02,Soundbreaker ,1994-12-31,bdollinp1
ledson31,2024-05-31,Mother (Mat),1980-01-06,ebarwooddu
aglason7,2024-09-04,"Three Brothers 2, The (Les trois frères, le retour)",1994-12-01,clawnnj
zmcmichaelig,2023-12-16,John Rabe,1990-09-15,kmoodeyml
cweabenhc,2023-02-08,Begotten,1992-08-01,cmulqueen2z
lixermy,2024-10-21,Triangle,1984-08-18,maskenqw
vperett9o,2023-06-18,"Hole in the Head, A",1988-12-01,mgleadle6z
mquarlisa1,2023-05-23,Corn Island (Simindis kundzuli),1986-09-22,bbernadzkidn
nescalero6j,2023-01-04,Hellraiser: Deader,1982-03-13,ascoonov
jcoppockc7,2023-08-14,I Hired a Contract Killer,1996-12-15,aquarlis3p
kdrover8,2023-07-30,"Taste of Others, The (Le goût des autres)",2018-05-26,adynejs
gpie3,2023-08-01,Telstar: The Joe Meek Story,1988-07-24,edoddseb
lrawnsley8i,2024-07-15,Haaveiden kehä,2017-08-03,jbauldreyrh
nharmant4i,2023-01-29,People on Sunday (Menschen am Sonntag),1998-03-13,swhitefootac
ephillp5s,2024-08-13,Loverboy,1987-04-29,areyburn4y
emacmeartyfp,2022-12-09,Marianne & Juliane (Die Bleierne Zeit),2007-12-17,kolooneye5
nharmant4i,2023-01-29,People on Sunday (Menschen am Sonntag),1998-03-13,anicklessji
srudolph91,2025-08-08,"Bunch Of Amateurs, A",1992-04-13,pbastistiniak
gdommerqueca,2023-01-25,Slam Dance,2002-03-03,ewelldrakeg
lcurryer5z,2025-02-23,"Ballad of Narayama, The (Narayama Bushiko)",1993-06-25,mhekaj
mdalyc4,2024-07-06,Super Mario Bros.,2018-11-27,cjostol
fgashionip,2024-10-06,Another Stakeout,2007-12-06,cjaneczek7i
scollinwood4x,2025-07-15,Nocturna,2019-07-07,peveritqw
rmcalroy7q,2024-04-09,Lulu on the Bridge,2007-11-11,cemmanueleld
vhaylands1t,2023-03-21,To Die Like a Man (Morrer Como Um Homem),2014-01-05,dpalfreemanbx
rloosgc,2025-03-08,"Most Beautiful, The (Ichiban utsukushiku)",1985-07-28,whilandd2
tbretelleh3,2023-05-07,Solitary Man,2010-03-19,rashtonhurst2e
vperett9o,2023-06-18,"Hole in the Head, A",1988-12-01,rbynold6h
mcowley5e,2024-11-20,Black Pond,2014-03-30,asiddlehk
anurcombe77,2025-01-27,"Dead Man and Being Happy, The (El muerto y ser feliz)",1998-12-01,gpropperr5
fdechastelain9v,2023-08-29,"Deceivers, The",1989-04-23,scleareay
noosthoutdevreelw,2023-07-01,99 and 44/100% Dead,1983-01-09,heberstqj
eimlenom,2022-10-13,Dylan Moran Live: What It Is,2012-07-04,alegionlj
nscholarb2,2024-01-12,Gambling City,1998-11-04,cargue4z
cdellenbacho5,2023-09-26,Grand Masti,1983-03-04,ahubbockew
rlattey18,2025-01-06,Reunion in France,2013-11-16,rlaurencotex
vperingh7,2022-05-27,Crime at Porta Romana,1999-02-21,btarboxdu
melflainr,2023-06-25,Son of the Pink Panther,1990-08-25,sreiglar41
emadgettoc,2024-10-12,Soundbreaker ,1994-12-31,pbriskeybh
gpie3,2023-08-01,Telstar: The Joe Meek Story,1988-07-24,gspillerna
oedeson2k,2023-05-04,"Goebbels Experiment, The (Das Goebbels Experiment)",1997-09-28,pheatherpn
mcopperpb,2022-09-24,"Black Orchid, The",1981-12-11,gmcteggart9q
kspacynn,2022-10-26,Robinson Crusoe on Mars,1989-07-17,lhyattr6
umegarrypj,2025-04-27,"Spirit of '76, The",2011-06-15,screswell5m
rgoldfinchml,2025-03-31,North Face (Nordwand),2000-10-12,nquinby1h
jevelingji,2024-10-05,The Killing Jar,1984-09-14,kbalducci28
acommucci6z,2025-08-02,As it is in Heaven (Så som i himmelen),1989-10-15,eheaffeyfh
jswannackoc,2023-11-01,"Sorcerer's Apprentice, The",1987-04-08,jpennacci10
clorainekh,2024-01-29,Noise,2008-02-21,dsirrell3q
emcillrickef,2024-07-12,Sgt. Pepper's Lonely Hearts Club Band,2001-09-01,mivakhin75
bfishwickau,2023-11-05,"Devil Doll, The",2016-11-16,gdamettinm
gloughlan1w,2024-10-30,Queen of Outer Space,1995-02-15,lsewley5r
cbasketfieldkh,2024-07-12,Winter Nomads,2015-10-26,vnewardmy
cgilkison47,2023-06-17,Night Will Fall,1998-07-07,elequeux46
acommucci6z,2025-08-02,As it is in Heaven (Så som i himmelen),1989-10-15,fedmonsond0
cplayleic,2024-09-17,Death Race,2007-06-27,asimenet14
nharmant4i,2023-01-29,People on Sunday (Menschen am Sonntag),1998-03-13,smattheishq
rstiling36,2022-06-23,Possession,1997-06-07,avandijk5c
dgeaves5c,2024-06-21,"Lives of Others, The (Das leben der Anderen)",2019-11-25,gbuesnelaj
hpotes8r,2025-01-31,Frankenfish,2018-07-16,rbrindle24
tbyattap,2023-03-09,Nobel Son,1992-12-04,cfarlhampu
ydumbare18,2025-04-08,Starship Troopers 2: Hero of the Federation,2014-11-18,sredmelldd
aduplainj5,2023-08-17,Nobody Walks,1984-12-11,slingerhs
rstiling36,2022-06-23,Possession,1997-06-07,cackhurst13
jmattasernm,2022-12-17,Slasher House,2013-10-09,gteffreyij
jnewshamgo,2022-03-22,This Is the Night,2014-01-31,cadelbergrm
bcurrie6k,2024-05-24,Street Scene,1987-11-24,uloughlini
ldeningtonkq,2025-06-30,Queen of the Damned,2017-01-28,cjohanssen22
gcoley5r,2024-06-16,Bad 25,1997-08-13,velfes91
aarmin34,2023-01-25,Lorna's Silence (Le silence de Lorna),2001-05-24,abasso8n
ymaberleyaz,2024-04-04,Prison (Fängelse) ,1984-06-29,epien3y
tjoerningcs,2023-04-18,Shinjuku Incident (San suk si gin),2008-11-17,acappineerlo
awellsteadgn,2023-01-30,"President's Analyst, The",1984-10-19,adonahuepy
iahrenspu,2022-08-13,Stranger by the Lake (L'inconnu du lac),2002-12-04,eburberyeo2
pluetkemeyersai,2024-10-18,13 Rue Madeleine,2015-12-29,acordalldm
cskoggins7e,2024-12-29,Manito,1980-02-24,rjosipovitzpw
cspacielz,2023-11-24,Hush!,1986-02-17,boliveraqj
lfiggere7,2023-07-18,Whiteboyz,1983-12-22,pstarrs21
eknobellot,2022-11-12,Wake of the Red Witch,1984-10-29,sdafforneit
mskillittj2,2025-10-07,"Cry of the Owl, The",2002-07-09,cwellfarels
fwardropero,2025-03-07,Gett: The Trial of Viviane Amsalem,1981-01-16,vrumin8a
dmccluinn8,2022-09-17,American Dreams in China,2002-01-22,knystrom7a
lcanbyj5,2023-06-11,13B,2007-12-23,tnazair3w
zmcmichaelig,2023-12-16,John Rabe,1990-09-15,rgoldfinchml
dmalser5,2024-05-21,"Five Heartbeats, The",2018-09-05,fbeattie5q
nsizev,2023-08-28,Man Push Cart,1996-10-13,rjakeway6x
jmattasernm,2022-12-17,Slasher House,2013-10-09,vwalstowb6
tokelleher4x,2024-11-21,"Inspectors, The",1990-10-01,kstoffersen1g
cwettonlj,2023-08-18,Omen IV: The Awakening,2014-03-15,toccleshaw3x
wheart70,2025-04-09,"Way of the Dragon, The (a.k.a. Return of the Dragon) (Meng long guo jiang)",1996-02-27,mscroobyf5
nabriani2u,2022-12-24,Sandor slash Ida,2010-07-25,bbantockch
clawliep1,2023-12-04,Welcome to Sherwood! The Story of 'The Adventures of Robin Hood',1995-12-25,mgedling9q
uloughlini,2025-11-23,Sophia de Mello Breyner Andresen,1984-09-28,wbullus6g
mradbone43,2023-09-28,Go Tigers!,2006-04-10,rgoakes2y
vhaylands1t,2023-03-21,To Die Like a Man (Morrer Como Um Homem),2014-01-05,etaffurellimt
jcavyqe,2024-06-18,Daughter of Dr. Jeckyll,1987-08-17,ldelgadilloi5
rfermork4,2025-03-03,Hank and Mike,2012-03-04,cbrett6f
npennrington3x,2024-01-09,Friday the 13th Part VII: The New Blood,1983-12-31,ereamebj
kmontezg5,2024-08-16,As Tears Go By (Wong gok ka moon),2009-08-03,bdollingdf
yhigganlj,2024-09-04,Super 8 Stories,2017-09-28,hsangra3m
klukasikan,2025-05-27,The Chumscrubber,1998-08-10,msealandbf
nkeepea1,2024-08-05,"Parking Lot Movie, The",2008-09-03,bmustoobz
rgoldfinchml,2025-03-31,North Face (Nordwand),2000-10-12,ascarlanpl
zmcmichaelig,2023-12-16,John Rabe,1990-09-15,ddoveyfs
rcollington9q,2025-01-30,Chinese Take-Out (Chinese Take-Away) (Un cuento chino),2018-02-22,bcostaov
miohananofqi,2024-02-23,They Call Me Renegade,1998-10-28,wcardnojw
vbriantjr,2025-03-21,"Informer, The",1997-01-16,kbarthelmes1y
dstockfordm,2023-07-30,Mina Tannenbaum,1987-08-27,fscheffler8f
gfrearsonji,2023-04-20,Shamus,1988-12-16,fkneebone3n
dratcliffeps,2023-08-27,Life Is What You Make It (Linha de Passe),2010-11-11,cweabenhc
skelshawq,2024-10-19,Io Island (Iodo),2012-09-04,mrainbow5y
jcavyqe,2024-06-18,Daughter of Dr. Jeckyll,1987-08-17,nkinneyhf
jmattasernm,2022-12-17,Slasher House,2013-10-09,dmccrumha
dwindridgeii,2024-12-16,"Scarlet and the Black, The",1986-12-04,ttrouncejw
speilemk,2024-06-17,London Conspiracy,1983-05-19,skornasma
jgerrell8t,2023-03-19,Hell Is Sold Out,2000-07-04,aaimerpb
ydumbare18,2025-04-08,Starship Troopers 2: Hero of the Federation,2014-11-18,mjowettbn
mskillittj2,2025-10-07,"Cry of the Owl, The",2002-07-09,nbevissfg
abaudonekq,2024-06-08,Stalingrad,1982-03-05,rgoingmk
dratcliffeps,2023-08-27,Life Is What You Make It (Linha de Passe),2010-11-11,daugustekv
ebarwooddu,2025-05-18,Bonnie and Clyde,2008-04-26,rmackenzieb9
kdrover8,2023-07-30,"Taste of Others, The (Le goût des autres)",2018-05-26,wchuterl
vchellenhama7,2024-01-06,Vivere,2012-04-29,gwinckle6
nkaasmannop,2023-02-14,Regular Guys (Echte Kerle),2010-10-27,dwhetnall2p
dbrierleyhr,2024-12-20,All Night Long,1981-05-11,mmacalorenh0
rbrackleyfq,2023-01-15,"Verlorene, Der (Lost One, The)",2005-06-13,gprickettbr
bwegnera8,2023-07-02,Soundbreaker ,1994-12-31,bfraschetti72
tloudian8l,2023-10-18,"Lonely Place to Die, A",1982-11-10,garonsteinks
rmacfadzeanly,2022-04-27,Win/win,2011-10-25,fberthomierhy
dpalfreemanbx,2023-07-31,"Third Wheel, The",2004-07-23,jrowley9t
cmarcodq,2023-09-14,Cherry Blossoms (Kirschblüten - Hanami),2018-07-04,shabronc7
mcopperpb,2022-09-24,"Black Orchid, The",1981-12-11,lglenat
zmcmichaelig,2023-12-16,John Rabe,1990-09-15,ismorthwaitelp
acornbellel,2022-04-30,"Seasoning House, The",2001-12-13,rmayerlm
cportsmouth3h,2023-04-15,Legend of the Fist: The Return of Chen Zhen (Jing wu feng yun: Chen Zhen),1982-12-25,cgeeringap
jnewshamgo,2022-03-22,This Is the Night,2014-01-31,htremayneaf
rrussam5b,2024-02-10,Great Directors,2010-05-07,alawief0
rmcalroy7q,2024-04-09,Lulu on the Bridge,2007-11-11,pplumptrejy
dpalfreemanbx,2023-07-31,"Third Wheel, The",2004-07-23,amaiseycz
tbrozssetg5,2022-04-21,"Million, Le (Million, The)",2008-08-16,ncrellim9c
acrossbyjd,2023-03-29,"Blue Bird, The",1987-05-07,hpomfretta8
tsaterthwaitik,2023-06-12,God's Puzzle (Kamisama no pazuru),2003-03-25,dsutehall9r
wheart70,2025-04-09,"Way of the Dragon, The (a.k.a. Return of the Dragon) (Meng long guo jiang)",1996-02-27,ccowdroy44
ccoxallnv,2025-07-11,Hard Candy,1981-10-10,esimick5
sbricknall6c,2022-05-16,The Chatterley Affair,1990-09-21,fboamea1
hshiresf,2023-06-30,Scrooge,1995-09-29,socannon22
sdafforneit,2023-11-19,Young Adult,2000-09-21,rbarwack1e
gwarcuph8,2024-05-08,I Am Michael,2019-12-07,cdiveskt
clorainekh,2024-01-29,Noise,2008-02-21,kbaldelliqj
dwindridgeii,2024-12-16,"Scarlet and the Black, The",1986-12-04,gvlasenkoiz
eknobellot,2022-11-12,Wake of the Red Witch,1984-10-29,cwettonlj
clawliep1,2023-12-04,Welcome to Sherwood! The Story of 'The Adventures of Robin Hood',1995-12-25,plomen80
hvanveldenct,2023-09-30,Fair Game,1986-09-04,dyellowlea5d
lmillson4r,2024-11-03,"Wild and Wonderful Whites of West Virginia, The",2004-02-26,yspray9y
cmarcodq,2023-09-14,Cherry Blossoms (Kirschblüten - Hanami),2018-07-04,cmarcodq
vnewardmy,2023-12-22,Tatsumi,1982-08-24,agiovanettift
vbraimepc,2023-07-20,Solino,2014-10-13,odenny5s
gblesliht,2024-01-14,Hard to Kill,1998-07-03,cgasquoine9d
cgilkison47,2023-06-17,Night Will Fall,1998-07-07,nbonhommeoq
dwattonju,2025-07-27,Young & Beautiful,1982-08-01,cmarhu
stiversqb,2023-05-18,Little Ashes,1987-12-03,tslemmondsol
tsalzburgergl,2025-04-29,What Have I Done to Deserve This? (¿Qué he hecho yo para merecer esto!!),1992-01-25,ksarchwell2x
caxepo,2022-10-29,"Defender, The (a.k.a. Bodyguard from Beijing, The) (Zhong Nan Hai bao biao)",1986-01-09,dinnot91
epriestmanq1,2024-05-04,Hunger,2000-02-22,bgollingku
ymaberleyaz,2024-04-04,Prison (Fängelse) ,1984-06-29,aleberkg
rmcalroy7q,2024-04-09,Lulu on the Bridge,2007-11-11,cdellenbacho5
jsollonjt,2025-02-18,Strip-tease,1983-09-07,gcramphornhx
acircuitgg,2023-09-11,X2: X-Men United,1986-11-01,giowarchd2
